{"All": {"pq": 0.5149182608715542, "sq": 0.7830660228554038, "rq": 0.639196280659324, "n": 19}, "per_class": {"7": {"pq": 0.9726686949233113, "sq": 0.973675598334205, "rq": 0.9989658738366081}, "8": {"pq": 0.7367806397098325, "sq": 0.830701934128289, "rq": 0.8869374313940724}, "11": {"pq": 0.8693041087806265, "sq": 0.890262174296302, "rq": 0.9764585465711362}, "12": {"pq": 0.2741027278620513, "sq": 0.7238025157607293, "rq": 0.378698224852071}, "13": {"pq": 0.321046884899963, "sq": 0.7223554910249168, "rq": 0.4444444444444444}, "17": {"pq": 0.47548443955595515, "sq": 0.6471493088512283, "rq": 0.7347368421052631}, "19": {"pq": 0.3856781955813426, "sq": 0.6963634086885352, "rq": 0.5538461538461539}, "20": {"pq": 0.645994838383664, "sq": 0.760663298855561, "rq": 0.8492520138089759}, "21": {"pq": 0.8808953197170094, "sq": 0.9003268341225317, "rq": 0.9784172661870504}, "22": {"pq": 0.33231371742114896, "sq": 0.7571465948061405, "rq": 0.4389027431421446}, "23": {"pq": 0.85432554221871, "sq": 0.9162484009298942, "rq": 0.9324169530355098}, "24": {"pq": 0.39870486185923976, "sq": 0.7249928631031716, "rq": 0.5499431541335066}, "25": {"pq": 0.33211899811870926, "sq": 0.6428318889367985, "rq": 0.5166498486377397}, "26": {"pq": 0.5505858886389893, "sq": 0.8139208769257202, "rq": 0.6764611945065474}, "27": {"pq": 0.3711243078797436, "sq": 0.8327667396325954, "rq": 0.44565217391304346}, "28": {"pq": 0.5353185503445643, "sq": 0.8888308005721068, "rq": 0.6022727272727273}, "31": {"pq": 0.29863857448473824, "sq": 0.781054733267777, "rq": 0.38235294117647056}, "32": {"pq": 0.2707122295832421, "sq": 0.7054135982409482, "rq": 0.3837638376383764}, "33": {"pq": 0.27764843659668975, "sq": 0.669747373775221, "rq": 0.41455696202531644}}, "Things": {"pq": 0.37935648093823954, "sq": 0.7574448593067924, "rq": 0.496456604912966, "n": 8}, "Stuff": {"pq": 0.6135086462776013, "sq": 0.8016995963453031, "rq": 0.7430069539294027, "n": 11}}