{
   "7":{
      "pq":0.9014718602354955,
      "sq":0.9176034619449728,
      "rq":0.9824198552223371
   },
   "8":{
      "pq":0.38908393562276045,
      "sq":0.7501334392028329,
      "rq":0.5186862967157417
   },
   "11":{
      "pq":0.6816963356952431,
      "sq":0.8124099534620495,
      "rq":0.8391038696537678
   },
   "12":{
      "pq":0.09218948450956174,
      "sq":0.6676302991095681,
      "rq":0.13808463251670378
   },
   "13":{
      "pq":0.12345879835231639,
      "sq":0.6718455538242334,
      "rq":0.18376068376068377
   },
   "17":{
      "pq":0.2029228414230035,
      "sq":0.6156706617323779,
      "rq":0.3295964125560538
   },
   "19":{
      "pq":0.14082969342002782,
      "sq":0.65010916613664,
      "rq":0.21662468513853905
   },
   "20":{
      "pq":0.445854561608685,
      "sq":0.723176098929287,
      "rq":0.6165228113440198
   },
   "21":{
      "pq":0.8048064975815334,
      "sq":0.8420179808030452,
      "rq":0.9558067831449126
   },
   "22":{
      "pq":0.2019065809097075,
      "sq":0.7082754663657993,
      "rq":0.2850678733031674
   },
   "23":{
      "pq":0.5017486219803472,
      "sq":0.8412940256480821,
      "rq":0.596401028277635
   },
   "24":{
      "pq":0.32276560234500073,
      "sq":0.7079240829385823,
      "rq":0.45593250762879195
   },
   "25":{
      "pq":0.296407902351732,
      "sq":0.6553908063110517,
      "rq":0.45226130653266333
   },
   "26":{
      "pq":0.49132936598842064,
      "sq":0.8069730512297798,
      "rq":0.6088547383827296
   },
   "27":{
      "pq":0.17398771338974747,
      "sq":0.7926106943310719,
      "rq":0.21951219512195122
   },
   "28":{
      "pq":0.3516635188063434,
      "sq":0.8609693046638063,
      "rq":0.4084507042253521
   },
   "31":{
      "pq":0.08886339109963372,
      "sq":0.6812859984305252,
      "rq":0.13043478260869565
   },
   "32":{
      "pq":0.12249146034377145,
      "sq":0.6484842018199665,
      "rq":0.18888888888888888
   },
   "33":{
      "pq":0.2504275746621668,
      "sq":0.6704089810469727,
      "rq":0.3735444806707033
   }
}