{"All": {"pq": 0.5187015883504512, "sq": 0.7779655789657229, "rq": 0.6485743542406998, "n": 19}, "per_class": {"7": {"pq": 0.9749627294899057, "sq": 0.9759720076777835, "rq": 0.9989658738366081}, "8": {"pq": 0.7337549761238631, "sq": 0.8314064468269144, "rq": 0.8825466520307355}, "11": {"pq": 0.8693492137922791, "sq": 0.8885260346847559, "rq": 0.9784172661870504}, "12": {"pq": 0.2969263565809545, "sq": 0.7379493273850193, "rq": 0.40236686390532544}, "13": {"pq": 0.3271486677087971, "sq": 0.716414171058505, "rq": 0.45664739884393063}, "17": {"pq": 0.4329415636058294, "sq": 0.6393283027781735, "rq": 0.6771819137749737}, "19": {"pq": 0.41892814766091624, "sq": 0.6770704921702837, "rq": 0.6187363834422658}, "20": {"pq": 0.6265026738183724, "sq": 0.7485149348796853, "rq": 0.8369942196531792}, "21": {"pq": 0.8794425035756711, "sq": 0.8997231483122169, "rq": 0.9774590163934426}, "22": {"pq": 0.3219806769268715, "sq": 0.7351892123163566, "rq": 0.43795620437956206}, "23": {"pq": 0.8438830934398892, "sq": 0.9112693355450401, "rq": 0.926052332195677}, "24": {"pq": 0.40260533653756986, "sq": 0.7241135056713145, "rq": 0.5559975520195839}, "25": {"pq": 0.3379781948057622, "sq": 0.6412590083957237, "rq": 0.5270541082164328}, "26": {"pq": 0.5648146791963243, "sq": 0.8145204050738315, "rq": 0.6934322033898305}, "27": {"pq": 0.38992839785624733, "sq": 0.8433335116425814, "rq": 0.46236559139784944}, "28": {"pq": 0.5137219186825002, "sq": 0.8652158630442108, "rq": 0.59375}, "31": {"pq": 0.31697450027724505, "sq": 0.7528144381584569, "rq": 0.42105263157894735}, "32": {"pq": 0.30261865273272986, "sq": 0.7070272159301052, "rq": 0.4280155642023346}, "33": {"pq": 0.3008678958468432, "sq": 0.6716986387977777, "rq": 0.44792095512556607}}, "Things": {"pq": 0.39118869699190273, "sq": 0.7524978233392502, "rq": 0.5161985757413181, "n": 8}, "Stuff": {"pq": 0.6114382366112137, "sq": 0.796487583057703, "rq": 0.7448476476947955, "n": 11}}