{
	"7": {
		"pq": 0.9697107829149482,
		"sq": 0.972728555060949,
		"rq": 0.9968976215098242
	},
	"8": {
		"pq": 0.7301695066535446,
		"sq": 0.8351313732349916,
		"rq": 0.8743169398907104
	},
	"11": {
		"pq": 0.8720417092354255,
		"sq": 0.8921096146780817,
		"rq": 0.9775051124744376
	},
	"12": {
		"pq": 0.28949729384124795,
		"sq": 0.7535444266161895,
		"rq": 0.384180790960452
	},
	"13": {
		"pq": 0.33522124982378393,
		"sq": 0.7142498220677214,
		"rq": 0.4693333333333333
	},
	"17": {
		"pq": 0.5146295545896789,
		"sq": 0.6544745422499176,
		"rq": 0.7863247863247863
	},
	"19": {
		"pq": 0.44453728700581563,
		"sq": 0.7053942366724226,
		"rq": 0.6301969365426696
	},
	"20": {
		"pq": 0.6624578596212024,
		"sq": 0.7665088323365745,
		"rq": 0.8642533936651584
	},
	"21": {
		"pq": 0.8845040957481933,
		"sq": 0.9021941776631572,
		"rq": 0.9803921568627451
	},
	"22": {
		"pq": 0.33470610308645715,
		"sq": 0.7427466894334301,
		"rq": 0.4506329113924051
	},
	"23": {
		"pq": 0.857127937477302,
		"sq": 0.9219974215791822,
		"rq": 0.9296424452133795
	},
	"24": {
		"pq": 0.43384146760837544,
		"sq": 0.7304718678464207,
		"rq": 0.5939194741166803
	},
	"25": {
		"pq": 0.36872126377623143,
		"sq": 0.6705942068296729,
		"rq": 0.5498426023084995
	},
	"26": {
		"pq": 0.5798792086248855,
		"sq": 0.8140986751088752,
		"rq": 0.7122959738846573
	},
	"27": {
		"pq": 0.4002361411086238,
		"sq": 0.8237418253049583,
		"rq": 0.4858757062146893
	},
	"28": {
		"pq": 0.5663220401079486,
		"sq": 0.8906701176243191,
		"rq": 0.6358381502890174
	},
	"31": {
		"pq": 0.31810315686395574,
		"sq": 0.8085121903625542,
		"rq": 0.39344262295081966
	},
	"32": {
		"pq": 0.3098529242809845,
		"sq": 0.7120658548380316,
		"rq": 0.4351464435146444
	},
	"33": {
		"pq": 0.3470691042846619,
		"sq": 0.681618098263753,
		"rq": 0.5091841093549765
	}
}