{
   "7":{
      "pq":0.9424766719578707,
      "sq":0.9493488976908968,
      "rq":0.9927611168562565
   },
   "8":{
      "pq":0.587522927120964,
      "sq":0.7964782538797592,
      "rq":0.7376509330406147
   },
   "11":{
      "pq":0.8067305027509356,
      "sq":0.8642277425303334,
      "rq":0.9334698055271239
   },
   "12":{
      "pq":0.17438309567916385,
      "sq":0.7056432243761513,
      "rq":0.2471264367816092
   },
   "13":{
      "pq":0.21369821702939082,
      "sq":0.6851911085704278,
      "rq":0.3118811881188119
   },
   "17":{
      "pq":0.3320838845903074,
      "sq":0.627638541875681,
      "rq":0.5291005291005291
   },
   "19":{
      "pq":0.29313183750877714,
      "sq":0.6649464314014892,
      "rq":0.4408352668213457
   },
   "20":{
      "pq":0.5661529293403859,
      "sq":0.7396796785809376,
      "rq":0.7654028436018957
   },
   "21":{
      "pq":0.842584401702933,
      "sq":0.8629838135336356,
      "rq":0.9763617677286742
   },
   "22":{
      "pq":0.22071355879934043,
      "sq":0.7311136635228151,
      "rq":0.3018867924528302
   },
   "23":{
      "pq":0.8050420608956709,
      "sq":0.8956350293852093,
      "rq":0.8988505747126436
   },
   "24":{
      "pq":0.3600258702438895,
      "sq":0.7177682783086422,
      "rq":0.5015906680805938
   },
   "25":{
      "pq":0.32960113551555065,
      "sq":0.6555236869293652,
      "rq":0.5028058361391695
   },
   "26":{
      "pq":0.5370954719103571,
      "sq":0.8077841430221974,
      "rq":0.6648997464853653
   },
   "27":{
      "pq":0.3434985911403715,
      "sq":0.8472965248129164,
      "rq":0.40540540540540543
   },
   "28":{
      "pq":0.4852584965107309,
      "sq":0.856945855540227,
      "rq":0.5662650602409639
   },
   "31":{
      "pq":0.29288832005018733,
      "sq":0.8054428801380151,
      "rq":0.36363636363636365
   },
   "32":{
      "pq":0.2029713496382471,
      "sq":0.7002511562519526,
      "rq":0.2898550724637681
   },
   "33":{
      "pq":0.26874342274775465,
      "sq":0.6654040205151829,
      "rq":0.4038800705467372
   }
}